CO_CNES,CO_UNIDADE,CO_UF,CO_IBGE,NU_CNPJ_MANTENEDORA,NO_RAZAO_SOCIAL,NO_FANTASIA,CO_NATUREZA_ORGANIZACAO,DS_NATUREZA_ORGANIZACAO,TP_GESTAO,CO_NIVEL_HIERARQUIA,DS_NIVEL_HIERARQUIA,CO_ESFERA_ADMINISTRATIVA,DS_ESFERA_ADMINISTRATIVA,CO_ATIVIDADE,TP_UNIDADE,CO_CEP,NO_LOGRADOURO,NU_ENDERECO,NO_BAIRRO,NU_TELEFONE,NU_LATITUDE,NU_LONGITUDE,CO_TURNO_ATENDIMENTO,DS_TURNO_ATENDIMENTO,NU_CNPJ,NO_EMAIL,CO_NATUREZA_JUR,ST_CENTRO_CIRURGICO,ST_CENTRO_OBSTETRICO,ST_CENTRO_NEONATAL,ST_ATEND_HOSPITALAR,ST_SERVICO_APOIO,ST_ATEND_AMBULATORIAL,CO_MOTIVO_DESAB,CO_AMBULATORIAL_SUS,LOGRADOURO_ATUALIZADO,COMPLEMENTO,UNIDADE,BAIRRO_ATUALIZADO,CIDADE,UF,ESTADO,REGIAO,DDD
19,2602900000019,26,260290,11294402000162.0,PREFEITURA MUNICIPAL DO CABO DE SANTO AGOSTINHO,POLICLINICA DR JAMACI DE MEDEIROS,,,M,,,,,4,4,54580530,RUA 21 DE ABRIL,S/N,PONTE DOS CARVALHOS,(81)35221848,"-8,23166","-34,9695991",6.0,"ATENDIMENTO CONTINUO DE 24 HORAS/DIA (PLANTAO:INCLUI SABADOS, DOMINGOS E FERIADOS)",,,1244,"0,0","0,0","0,0","0,0","1,0","0,0",,SIM,RUA SÃO CARLOS,(LOT B SUCESSO),,PONTE DOS CARVALHOS,CABO DE SANTO AGOSTINHO,PE,PERNAMBUCO,NORDESTE,81
27,2602900000027,26,260290,10930451000181.0,CASA DE SAUDE E MATERNIDADE SANTA HELENA LTDA,CASA DE SAUDE SANTA HELENA,,,M,,,,,4,5,54505560,AVN PRESIDENTE GETULIO VARGAS,428,CENTRO,(81)35210355,"-8,287","-35,035",6.0,"ATENDIMENTO CONTINUO DE 24 HORAS/DIA (PLANTAO:INCLUI SABADOS, DOMINGOS E FERIADOS)",10930451001153.0,,2062,"1,0","1,0","1,0","1,0","1,0","1,0",,SIM,AVENIDA PRESIDENTE GETÚLIO VARGAS,DE 380/381 AO FIM,,CENTRO,CABO DE SANTO AGOSTINHO,PE,PERNAMBUCO,NORDESTE,81
35,2602900000035,26,260290,11294402000162.0,PREFEITURA MUNICIPAL DO CABO DE SANTO AGOSTINHO,HOSPITAL MENDO SAMPAIO,,,M,,,,,4,5,54535430,BR 101 SUL KM 33,S/N,CHARNECA,(81)35210857,"-8,287","-35,035",6.0,"ATENDIMENTO CONTINUO DE 24 HORAS/DIA (PLANTAO:INCLUI SABADOS, DOMINGOS E FERIADOS)",11294402000243.0,,1244,"1,0","1,0","1,0","1,0","1,0","1,0",,SIM,RODOVIA BR-101 SUL,"DO KM 103,010 AO KM 107,000",,VILA TEATRÓLOGO BARRETO JÚNIOR,CABO DE SANTO AGOSTINHO,PE,PERNAMBUCO,NORDESTE,81
43,2602900000043,26,260290,11294402000162.0,PREFEITURA MUNICIPAL DO CABO DE SANTO AGOSTINHO,POLICLINICA DR MANUEL GOMES,,,M,,,,,4,4,54510360,AV HISTORIADOR PEREIRA COSTA,S/N,CENTRO,(81)35216723,"-8,28765","-35,035",3.0,ATENDIMENTOS NOS TURNOS DA MANHA E A TARDE,,,1244,"0,0","0,0","0,0","0,0","1,0","0,0",,SIM,AVENIDA HISTORIADOR PEREIRA DA COSTA,,,CENTRO,CABO DE SANTO AGOSTINHO,PE,PERNAMBUCO,NORDESTE,81
51,2602900000051,26,260290,11294402000162.0,PREFEITURA MUNICIPAL DO CABO DE SANTO AGOSTINHO,POLICLINICA VICENTE MENDES,,,M,,,,,4,4,54520250,RUA QUARENTA E HUM,S/N,COHAB,(81)35216727,"-8,2953373499","-35,0322723132",4.0,"ATENDIMENTO NOS TURNOS DA MANHA, TARDE E NOITE",,,1244,"0,0","0,0","0,0","0,0","1,0","0,0",,SIM,RUA SARGENTO GIVALDO JOSÉ DE LIMA,,,COHAB,CABO DE SANTO AGOSTINHO,PE,PERNAMBUCO,NORDESTE,81
78,2602900000078,26,260290,11294402000162.0,PREFEITURA MUNICIPAL DO CABO DE SANTO AGOSTINHO,CENTRO HERBERT DE SOUZA,,,M,,,,,4,36,54510360,AV HISTORIADOR PEREIRA DA COSTA,428,CENTRO,(81)35210974,"-8,287","-35,035",3.0,ATENDIMENTOS NOS TURNOS DA MANHA E A TARDE,,,1244,"0,0","0,0","0,0","0,0","0,0","0,0",,SIM,AVENIDA HISTORIADOR PEREIRA DA COSTA,,,CENTRO,CABO DE SANTO AGOSTINHO,PE,PERNAMBUCO,NORDESTE,81
86,2602900000086,26,260290,11294402000162.0,PREFEITURA MUNICIPAL DO CABO DE SANTO AGOSTINHO,CENTRO DE SAUDE DE REFERENCIA DA MULHER I,,,M,,,,,4,36,54515503,RUA PREFEITO JOSE ALBERTO LIMA,17,JARDIM SANTO INACIO,(81)35246439,"-8,28301","-35,035",3.0,ATENDIMENTOS NOS TURNOS DA MANHA E A TARDE,,,1244,"0,0","0,0","0,0","0,0","1,0","0,0",,SIM,RUA PREFEITO JOSÉ ALBERTO DE LIMA,,,SANTO INÁCIO,CABO DE SANTO AGOSTINHO,PE,PERNAMBUCO,NORDESTE,81
94,2602900000094,26,260290,11294402000162.0,PREFEITURA MUNICIPAL DO CABO DE SANTO AGOSTINHO,MATERNIDADE PADRE GERALDO LEITE BASTOS,,,M,,,,,4,7,54510000,BR 101 SUL KM 23,S/N,PONTE DOS CARVALHOS,(81)35221626,"-8,287","-35,035",6.0,"ATENDIMENTO CONTINUO DE 24 HORAS/DIA (PLANTAO:INCLUI SABADOS, DOMINGOS E FERIADOS)",,,1244,"1,0","1,0","1,0","1,0","1,0","1,0",,SIM,RODOVIA BR-101 SUL,"DO KM 96,001 AO KM 101,011 - LADO",,CENTRO,CABO DE SANTO AGOSTINHO,PE,PERNAMBUCO,NORDESTE,81
108,2602900000108,26,260290,11294402000162.0,PREFEITURA MUNICIPAL DO CABO DE SANTO AGOSTINHO,USF ALTO DOS INDIOS,,,M,,,,,4,2,54505560,RUA 17,80,PONTE DOS CARVALHOS,(81)35222709,"-8,2327942231","-34,9900038173",3.0,ATENDIMENTOS NOS TURNOS DA MANHA E A TARDE,,,1244,"0,0","0,0","0,0","0,0","1,0","0,0",,SIM,AVENIDA PRESIDENTE GETÚLIO VARGAS,DE 380/381 AO FIM,,CENTRO,CABO DE SANTO AGOSTINHO,PE,PERNAMBUCO,NORDESTE,81
116,2602900000116,26,260290,11294402000162.0,PREFEITURA MUNICIPAL DO CABO DE SANTO AGOSTINHO,USF CHARNECA II,,,M,,,,,4,2,54535020,RUA 02,07,CHARNECA,(81)35249253,"-8,292734","-35,0334223",3.0,ATENDIMENTOS NOS TURNOS DA MANHA E A TARDE,,,1244,"0,0","0,0","0,0","0,0","1,0","0,0",,SIM,RUA SETE,(CHARNECA),,VILA TEATRÓLOGO BARRETO JÚNIOR,CABO DE SANTO AGOSTINHO,PE,PERNAMBUCO,NORDESTE,81
124,2602900000124,26,260290,11294402000162.0,PREFEITURA MUNICIPAL DO CABO DE SANTO AGOSTINHO,USF SAO FRANCISCO I,,,M,,,,,4,2,54530591,RUA MANOEL DOMINGOS BARROS,38,SAO FRANCISCO,(81)35249185,"-8,2977000249","-35,0362934052",3.0,ATENDIMENTOS NOS TURNOS DA MANHA E A TARDE,,,1244,"0,0","0,0","0,0","0,0","1,0","0,0",,SIM,TRAVESSA JOSÉ FRANCISCO DE OLIVEIRA,,,SÃO FRANCISCO,CABO DE SANTO AGOSTINHO,PE,PERNAMBUCO,NORDESTE,81
132,2602900000132,26,260290,11294402000162.0,PREFEITURA MUNICIPAL DO CABO DE SANTO AGOSTINHO,USF ROSARIO,,,M,,,,,4,2,54505560,RUA 01,12,ROSARIO,(81)35249235,"-8,3120792256","-35,0172468567",3.0,ATENDIMENTOS NOS TURNOS DA MANHA E A TARDE,,,1244,"0,0","0,0","0,0","0,0","1,0","0,0",,SIM,AVENIDA PRESIDENTE GETÚLIO VARGAS,DE 380/381 AO FIM,,CENTRO,CABO DE SANTO AGOSTINHO,PE,PERNAMBUCO,NORDESTE,81
140,2602900000140,26,260290,11294402000162.0,PEFEITURA MUNICIPAL DO CABO DE SANTO AGOSTINHO,USF JUSSARAL,,,M,,,,,4,2,54505560,ESTRADA DA VITORIA,S/N,JUSSARAL,(81)33023022,"-8,2173613354","-35,2296342409",3.0,ATENDIMENTOS NOS TURNOS DA MANHA E A TARDE,,,1244,"0,0","0,0","0,0","0,0","1,0","0,0",,SIM,AVENIDA PRESIDENTE GETÚLIO VARGAS,DE 380/381 AO FIM,,CENTRO,CABO DE SANTO AGOSTINHO,PE,PERNAMBUCO,NORDESTE,81
159,2602900000159,26,260290,11294402000162.0,PREFEITURA MUNICIPAL DO CABO DE SANTO AGOSTINHO,UAP TAPUGI,,,M,,,,,4,1,54505000,ENGENHO TAPUGI DE BAIXO,S/N,TAPUGI DE BAIXO,(81)35216708,"-8,29181","-35,035",3.0,ATENDIMENTOS NOS TURNOS DA MANHA E A TARDE,,,1244,"0,0","0,0","0,0","0,0","0,0","0,0",,SIM,RODOVIA BR-101 SUL,"DO KM 100,010 AO KM 103,000",,CENTRO,CABO DE SANTO AGOSTINHO,PE,PERNAMBUCO,NORDESTE,81
167,2602900000167,26,260290,11294402000162.0,PREFEITURA MUNICIPAL DO CABO DE SANTO AGOSTINHO,USF MERCES,,,M,,,,,4,2,54505560,RUA DO FERREIRO,S/N,MERCES,(81)35162900,"-8,3169930558","-35,0874314479",3.0,ATENDIMENTOS NOS TURNOS DA MANHA E A TARDE,,,1244,"0,0","0,0","0,0","0,0","0,0","0,0",,SIM,AVENIDA PRESIDENTE GETÚLIO VARGAS,DE 380/381 AO FIM,,CENTRO,CABO DE SANTO AGOSTINHO,PE,PERNAMBUCO,NORDESTE,81
175,2602900000175,26,260290,11294402000162.0,PREFEITURA MUNICIPAL DO CABO DE SANTO AGOSTINHO,USF SUAPE,,,M,,,,,4,2,54505970,RUA JOSE MIGUEL DE SANTANA,14,SUAPE,(81)35127000,"-8,3542305852","-34,9551067778",3.0,ATENDIMENTOS NOS TURNOS DA MANHA E A TARDE,,,1244,"0,0","0,0","0,0","0,0","1,0","0,0",,SIM,RUA VISCONDE DE PELOTAS,70,AC CABO DE SANTO AGOSTINHO,CENTRO,CABO DE SANTO AGOSTINHO,PE,PERNAMBUCO,NORDESTE,81
183,2602900000183,26,260290,,SOCIEDADE HOSPITALAR SAMARITANO LTDA,HOSPITAL SAMARITANO,,,M,,,,,4,5,54510460,RUA SEVERINO BEZERRA MARQUES,40,CENTRO,(81)35210109,"-8,283999","-35,0349039",6.0,"ATENDIMENTO CONTINUO DE 24 HORAS/DIA (PLANTAO:INCLUI SABADOS, DOMINGOS E FERIADOS)",9934399000152.0,,2062,"1,0","1,0","1,0","1,0","1,0","1,0",,NAO,RUA SEVERINO BEZERRA MARQUES,,,CENTRO,CABO DE SANTO AGOSTINHO,PE,PERNAMBUCO,NORDESTE,81
205,4127700000205,41,412770,,K FORTES CLINICA MEDICA LTDA,K FORTES CLINICA MEDICA,,,M,,,,,4,22,85900180,RUA NOSSA SENHORA DO ROCIO,1817,CENTRO,11-96081-0923,"-24,7289505662","-53,741093874",3.0,ATENDIMENTOS NOS TURNOS DA MANHA E A TARDE,34864583000110.0,,2062,"0,0","0,0","0,0","0,0","1,0","0,0",,NAO,RUA NOSSA SENHORA DO ROCIO,ATÉ 1999/2000,,CENTRO,TOLEDO,PR,PARANÁ,SUL,45
213,3205300000213,32,320530,,FISIO FITNESS CENTRO INTEGRADO DE SAUDE LTDA,FISIO FITNESS CENTRO INTEGRADO DE SAUDE LTDA,,,M,,,,,4,39,29090210,JULIA LACOURT PENNA,787,JARDIM CAMBURI,27 -30259827,"-20,2588656032","-40,2686047554",3.0,ATENDIMENTOS NOS TURNOS DA MANHA E A TARDE,10795306000216.0,fisio.fitness@hotmail.com,2062,"0,0","0,0","0,0","0,0","1,0","0,0",,NAO,RUA JÚLIA LACOURT PENNA,,,JARDIM CAMBURI,VITÓRIA,ES,ESPÍRITO SANTO,SUDESTE,27
221,2602900000221,26,260290,,CASA DE SAUDE E MATERNIDADE SAO SEBASTIAO LTDA,HOSPITAL SAO SEBASTIAO,,,M,,,,,4,5,54505560,AVN PRESIDENTE GETULIO VARGAS,864,CENTRO,(81)35214150,"-8,2826726257","-35,0339841843",6.0,"ATENDIMENTO CONTINUO DE 24 HORAS/DIA (PLANTAO:INCLUI SABADOS, DOMINGOS E FERIADOS)",9930330000150.0,ADM@HOSPITALSAOSEBASTIAO.COM.BR,2062,"1,0","1,0","1,0","1,0","1,0","1,0",,NAO,AVENIDA PRESIDENTE GETÚLIO VARGAS,DE 380/381 AO FIM,,CENTRO,CABO DE SANTO AGOSTINHO,PE,PERNAMBUCO,NORDESTE,81
248,2602900000248,26,260290,11294402000162.0,PREFEITURA MUNICIPAL DO CABO DE SANTO AGOSTINHO,USF MANOEL VIGIA,,,M,,,,,4,2,54505560,RUA PREFEITO DIOMEDES FERREIRA DE MELO,S/N,PONTE DOS CARVALHOS,(81)35222708,"-8,2452321075","-34,9822393295",3.0,ATENDIMENTOS NOS TURNOS DA MANHA E A TARDE,,,1244,"0,0","0,0","0,0","0,0","1,0","0,0",,SIM,AVENIDA PRESIDENTE GETÚLIO VARGAS,DE 380/381 AO FIM,,CENTRO,CABO DE SANTO AGOSTINHO,PE,PERNAMBUCO,NORDESTE,81
256,2602900000256,26,260290,11294402000162.0,PREFEITURA MUNICIPAL DO CABO DE SANTO AGOSTINHO,USF SANTA ROSA,,,M,,,,,4,2,54510390,RUA SANTA ROSA,36,PONTEZINHA,(81)33023012,"-8,224304","-34,9684098",3.0,ATENDIMENTOS NOS TURNOS DA MANHA E A TARDE,,,1244,"0,0","0,0","0,0","0,0","1,0","0,0",,SIM,RUA JOSÉ PLECH FERNANDES,,,CENTRO,CABO DE SANTO AGOSTINHO,PE,PERNAMBUCO,NORDESTE,81
264,2602900000264,26,260290,11294402000162.0,PREFEITURA MUNICIPAL DO CABO DE SANTO AGOSTINHO,USF BOM SUCESSO,,,M,,,,,4,2,54580380,RUA DA INDEPENDENCIA,S/N,PONTE DOS CARVALHOS,(81)35222712,"-8,2326462539","-34,9786825814",4.0,"ATENDIMENTO NOS TURNOS DA MANHA, TARDE E NOITE",,,1244,"0,0","0,0","0,0","0,0","1,0","0,0",,SIM,RUA OTAVIO ROSA LINS,(LOT.BOM CONSELHO),,PONTE DOS CARVALHOS,CABO DE SANTO AGOSTINHO,PE,PERNAMBUCO,NORDESTE,81
272,2602900000272,26,260290,11294402000162.0,PREFEITURA MUNICIPAL DO CABO DE SANTO AGOSTINHO,USF ALTO DO SOL,,,M,,,,,4,2,54505560,2 TRAV DA SAUDADE,32,PONTE DOS CARVALHOS,(81)35222719,"-8,2360813259","-34,9848134876",3.0,ATENDIMENTOS NOS TURNOS DA MANHA E A TARDE,,,1244,"0,0","0,0","0,0","0,0","0,0","0,0",,SIM,AVENIDA PRESIDENTE GETÚLIO VARGAS,DE 380/381 AO FIM,,CENTRO,CABO DE SANTO AGOSTINHO,PE,PERNAMBUCO,NORDESTE,81
280,2602900000280,26,260290,11294402000162.0,PREFEITURA MUNICIPAL DO CABO DE SANTO AGOSTINHO,USF CACARI,,,M,,,,,4,2,54505560,RUA ANTONIO DA SILVA,38,PONTE DOS CARVALHOS,(81)35222710,"-8,2365933821","-34,9774326402",3.0,ATENDIMENTOS NOS TURNOS DA MANHA E A TARDE,,,1244,"0,0","0,0","0,0","0,0","1,0","0,0",,SIM,AVENIDA PRESIDENTE GETÚLIO VARGAS,DE 380/381 AO FIM,,CENTRO,CABO DE SANTO AGOSTINHO,PE,PERNAMBUCO,NORDESTE,81
299,2602900000299,26,260290,11294402000162.0,PREFEITURA MUNICIPAL DO CABO DE SANTO AGOSTINHO,USF TORRINHA,,,M,,,,,4,2,54505570,RUA JOSE LINO DE LIMA,68,ALTO CRUZEIRO,(81)35216726,"-8,2873905353","-35,03427607",3.0,ATENDIMENTOS NOS TURNOS DA MANHA E A TARDE,,,1244,"0,0","0,0","0,0","0,0","0,0","0,0",,SIM,RUA TEIXEIRA DE SÁ,,,CENTRO,CABO DE SANTO AGOSTINHO,PE,PERNAMBUCO,NORDESTE,81
302,2602900000302,26,260290,11294402000162.0,PREFEITURA MUNICIPAL DO CABO DE SANTO AGOSTINHO,USF SANTO ESTEVAO,,,M,,,,,4,2,54505560,RUA DO CEMITERIO,68,PONTE DOS CARVALHOS,(81)35222744,"-8,2181117","-35,2294359",3.0,ATENDIMENTOS NOS TURNOS DA MANHA E A TARDE,,,1244,"0,0","0,0","0,0","0,0","1,0","0,0",,SIM,AVENIDA PRESIDENTE GETÚLIO VARGAS,DE 380/381 AO FIM,,CENTRO,CABO DE SANTO AGOSTINHO,PE,PERNAMBUCO,NORDESTE,81
310,2602900000310,26,260290,11294402000162.0,PREFEITURA MUNICIPAL DO CABO DE SANTO AGOSTINHO,USF ALTO DA IGREJA,,,M,,,,,4,2,54505560,RUA SALOMAO LUIZ SOARES,16,PONTE DOS CARVALHOS,(81)35222722,"-8,2399671363","-34,9811452859",3.0,ATENDIMENTOS NOS TURNOS DA MANHA E A TARDE,,,1244,"0,0","0,0","0,0","0,0","0,0","0,0",,SIM,AVENIDA PRESIDENTE GETÚLIO VARGAS,DE 380/381 AO FIM,,CENTRO,CABO DE SANTO AGOSTINHO,PE,PERNAMBUCO,NORDESTE,81
329,2602900000329,26,260290,11294402000162.0,PREFEITURA MUNICIPAL DO CABO DE SANTO AGOSTINHO,CAPS ESTACAO CIDADANIA,,,M,,,,,4,70,54510450,RUA AMARO PEREIRA CAVALCANTE,188,CENTRO,(81)35216672,"-8,287","-35,035",3.0,ATENDIMENTOS NOS TURNOS DA MANHA E A TARDE,,,1244,"0,0","0,0","0,0","0,0","1,0","0,0",,SIM,RUA AMARO PEREIRA CAVALCANTE,,,CENTRO,CABO DE SANTO AGOSTINHO,PE,PERNAMBUCO,NORDESTE,81
337,2602900000337,26,260290,11294402000162.0,PREFEITURA MUNICIPAL DO CABO DE SANTO AGOSTINHO,USF ARARIBA,,,M,,,,,4,2,54505560,ENGENHO ARARIBA DE BAIXO,S/N,ARARIBA,(81)35244045,"-8,2729350224","-35,1842095165",3.0,ATENDIMENTOS NOS TURNOS DA MANHA E A TARDE,,,1244,"0,0","0,0","0,0","0,0","1,0","0,0",,SIM,AVENIDA PRESIDENTE GETÚLIO VARGAS,DE 380/381 AO FIM,,CENTRO,CABO DE SANTO AGOSTINHO,PE,PERNAMBUCO,NORDESTE,81
345,2602900000345,26,260290,11294402000162.0,PREFEITURA MUNICIPAL DO CABO DE SANTO AGOSTINHO,USF ALTO DO PIRES,,,M,,,,,4,2,54510390,1 TRAV DO CRUZEIRO,S/N,PONTE DOS CARVALHOS,(81)35222723,"-8,2330347453","-34,9837008036",3.0,ATENDIMENTOS NOS TURNOS DA MANHA E A TARDE,,,1244,"0,0","0,0","0,0","0,0","1,0","0,0",,SIM,RUA JOSÉ PLECH FERNANDES,,,CENTRO,CABO DE SANTO AGOSTINHO,PE,PERNAMBUCO,NORDESTE,81
353,2602900000353,26,260290,11294402000162.0,PREFEITURA MUNICIPAL DO CABO DE SANTO AGOSTINHO,USF MALAQUIAS,,,M,,,,,4,2,54515610,RUA 09,25,MALAQUIAS,(81)35249261,"-8,289703","-35,0303605",3.0,ATENDIMENTOS NOS TURNOS DA MANHA E A TARDE,,,1244,"0,0","0,0","0,0","0,0","0,0","0,0",,SIM,RUA JOSÉ PAULO DA CUNHA,(LOT JD SANTO INÁCIO),,SANTO INÁCIO,CABO DE SANTO AGOSTINHO,PE,PERNAMBUCO,NORDESTE,81
361,2602900000361,26,260290,11294402000162.0,PREFEITURA MUNICIPAL DO CABO DE SANTO AGOSTINHO,USF SAO FRANCISCO II,,,M,,,,,4,2,54520460,RUA 03,11,SAO FRANCISCO,(81)35249248,"-8,2940006","-35,0475827",3.0,ATENDIMENTOS NOS TURNOS DA MANHA E A TARDE,,,1244,"0,0","0,0","0,0","0,0","1,0","0,0",,SIM,RUA SETENTA E UM,,,COHAB,CABO DE SANTO AGOSTINHO,PE,PERNAMBUCO,NORDESTE,81
388,2602900000388,26,260290,11294402000162.0,PREFEITURA MUNICIPAL DO CABO DE SANTO AGOSTINHO,USF SAO FRANCISCO III,,,M,,,,,4,2,54525180,RUA 28,62,SAO FRANCISCO,(81)35216728,"-8,3019948062","-35,0358240089",3.0,ATENDIMENTOS NOS TURNOS DA MANHA E A TARDE,,,1244,"0,0","0,0","0,0","0,0","1,0","0,0",,SIM,RUA MANOEL QUEIROZ DA SILVA,ATÉ 78/79,,TORRINHA,CABO DE SANTO AGOSTINHO,PE,PERNAMBUCO,NORDESTE,81
396,2611600000396,26,261160,24134488000108.0,EMPRESA BRASILEIRA DE SERVICOS HOSPITALARES HC UFPE,HOSPITAL DAS CLINICAS,,,E,,,,,5,5,50740900,AV PROFESSOR MORAES REGO,1235,CIDADE UNIVERSITARIA,(81)21263633,"-8,0475018039","-34,9461364746",6.0,"ATENDIMENTO CONTINUO DE 24 HORAS/DIA (PLANTAO:INCLUI SABADOS, DOMINGOS E FERIADOS)",15126437001620.0,,2011,"1,0","1,0","0,0","1,0","1,0","1,0",,SIM,AVENIDA PROFESSOR MORAES REGO,S/N,HOSPITAL DAS CLÍNICAS,CIDADE UNIVERSITÁRIA,RECIFE,PE,PERNAMBUCO,NORDESTE,81
418,2611600000418,26,261160,10572048000128.0,SECRETARIA DE SAUDE,HOSPITAL AGAMENON MAGALHAES,,,E,,,,,5,5,52051380,ESTRADA DO ARRAIAL,2723,CASA AMARELA,(81)31841601,"-8,030155","-34,9070110917",6.0,"ATENDIMENTO CONTINUO DE 24 HORAS/DIA (PLANTAO:INCLUI SABADOS, DOMINGOS E FERIADOS)",10572048000390.0,claudia.miranda@saude.pe.gov.br,1023,"1,0","1,0","1,0","1,0","1,0","1,0",,SIM,ESTRADA DO ARRAIAL,ATÉ 3514/3515,,TAMARINEIRA,RECIFE,PE,PERNAMBUCO,NORDESTE,81
426,2611600000426,26,261160,10572048000128.0,SECRETARIA DE SAUDE,HOSPITAL OTAVIO DE FREITAS,,,E,,,,,3,5,50920592,RUA APRIGIO GUIMARAES,S/N,TEJIPIO,(81)31828500,"-8,0874005086","-34,962208271",6.0,"ATENDIMENTO CONTINUO DE 24 HORAS/DIA (PLANTAO:INCLUI SABADOS, DOMINGOS E FERIADOS)",10572048000470.0,DIRETORIAHOF@GMAIL.COM,1023,"1,0","0,0","0,0","1,0","1,0","1,0",,SIM,RUA APRÍGIO GUIMARÃES,LADO ÍMPAR,,TEJIPIÓ,RECIFE,PE,PERNAMBUCO,NORDESTE,81
434,2611600000434,26,261160,,INSTITUTO DE MEDICINA INTEGRAL PROF FERNANDO FIGUEIRA,IMIP,,,E,,,,,5,5,50070555,RUA DOS COELHOS,300,BOA VISTA,(81)21224100,"-8,0668036658","-34,8907971382",6.0,"ATENDIMENTO CONTINUO DE 24 HORAS/DIA (PLANTAO:INCLUI SABADOS, DOMINGOS E FERIADOS)",10988301000129.0,imip@imip.org.br,3999,"1,0","1,0","1,0","1,0","1,0","1,0",,SIM,RUA DOS COELHOS,DE 267/268 AO FIM,,COELHOS,RECIFE,PE,PERNAMBUCO,NORDESTE,81
469,2931350000469,29,293135,,AMORSAUDE ESPECIALIDADES MEDICAS E ODONTOLOGICAS LTDA,AMORSAUDE,,,M,,,,,4,36,45992000,PRESIDENTE GETULIO VARGAS,3777,SAO LOURENCO,27 33713209,"-17,5378029617","-39,7419476509",3.0,ATENDIMENTOS NOS TURNOS DA MANHA E A TARDE,35369371000120.0,simone@giuriatocontabilidade.com.br,2062,"0,0","0,0","0,0","0,0","0,0","0,0",,NAO,AVENIDA PRESIDENTE GETÚLIO VARGAS,,,SÃO LOURENÇO,TEIXEIRA DE FREITAS,BA,BAHIA,NORDESTE,73
477,2611600000477,26,261160,,HOSPITAL UNIVERSITARIO OSWALDO CRUZ,HOSPITAL OSWALDO CRUZ,,,E,,,,,5,5,50100130,RUA ARNOBIO MARQUES,310,SANTO AMARO,(81)31841200,"-8,0475894451","-34,8876616359",6.0,"ATENDIMENTO CONTINUO DE 24 HORAS/DIA (PLANTAO:INCLUI SABADOS, DOMINGOS E FERIADOS)",11022597001325.0,huoc@terra.com.br,1147,"1,0","0,0","0,0","1,0","1,0","1,0",,SIM,RUA ARNÓBIO MARQUES,,,SANTO AMARO,RECIFE,PE,PERNAMBUCO,NORDESTE,81
485,2611600000485,26,261160,,FUNDACAO ALTINO VENTURA,FUNDACAO ALTINO VENTURA,,,D,,,,,3,7,50731490,AV MAURICIO DE NASSAU,2075,IPUTINGA,81 33024300,"-8,05888","-34,8897081614",6.0,"ATENDIMENTO CONTINUO DE 24 HORAS/DIA (PLANTAO:INCLUI SABADOS, DOMINGOS E FERIADOS)",10667814000138.0,,3069,"1,0","0,0","0,0","1,0","1,0","1,0",,SIM,AVENIDA MAURÍCIO DE NASSAU,DE 64/65 A 309/310,,IPUTINGA,RECIFE,PE,PERNAMBUCO,NORDESTE,81
507,2611600000507,26,261160,10565000000192.0,MUNICIPIO DO RECIFE,US 160 POLICLINICA GOUVEIA DE BARROS,,,M,,,,,4,4,50770100,PRACA DA PAZ,S/N,AFOGADOS,3355-1522/1527/1541,"-8,0807531","-34,9063223",3.0,ATENDIMENTOS NOS TURNOS DA MANHA E A TARDE,,p.gouveia.barros@bol.com.br,1244,"0,0","0,0","0,0","0,0","1,0","0,0",,SIM,PRAÇA DA PAZ,,,AFOGADOS,RECIFE,PE,PERNAMBUCO,NORDESTE,81
523,3205300000523,32,320530,,SINGULARI CLINICA DE SAUDE MULTIDISCIPLINAR LTDA,SINGULARI CLINICA DE SAUDE MULTIDISCIPLINAR LTDA,,,M,,,,,4,36,29060120,RUA CARLOS EDUARDO MONTEIRO DE LEMOS,262,JARDIM DA PENHA,27 - 988722211,"-20,2892542758","-40,2932757139",3.0,ATENDIMENTOS NOS TURNOS DA MANHA E A TARDE,30703678000100.0,barbararesende54@gmail.com,2062,"0,0","0,0","0,0","0,0","1,0","0,0",,NAO,RUA CARLOS EDUARDO MONTEIRO DE LEMOS,,,JARDIM DA PENHA,VITÓRIA,ES,ESPÍRITO SANTO,SUDESTE,27
531,2611600000531,26,261160,10565000000192.0,MUNICIPIO DO RECIFE,US 159 POLICLINICA AGAMENON MAGALHAES,,,M,,,,,4,4,50770100,PRACA DA PAZ,S/N,AFOGADOS,3355-2339/2340/2300,"-8,0807531","-34,9063223",6.0,"ATENDIMENTO CONTINUO DE 24 HORAS/DIA (PLANTAO:INCLUI SABADOS, DOMINGOS E FERIADOS)",,grupogestorpamsecretaria@gmail.com,1244,"0,0","0,0","0,0","0,0","1,0","0,0",,SIM,PRAÇA DA PAZ,,,AFOGADOS,RECIFE,PE,PERNAMBUCO,NORDESTE,81
558,2611600000558,26,261160,10565000000192.0,MUNICIPIO DO RECIFE,US 217 CENTRO MEDICO SEN JOSE ERMIRIO DE MORAES,,,M,,,,,4,36,52061105,AV 17 DE AGOSTO,2388,MONTEIRO,33552603,"-8,0287438","-34,925607533",3.0,ATENDIMENTOS NOS TURNOS DA MANHA E A TARDE,,cmemdp@yahoo.com.br,1244,"0,0","0,0","0,0","0,0","1,0","0,0",,SIM,AVENIDA DEZESSETE DE AGOSTO,DE 2269/2270 AO FIM,,MONTEIRO,RECIFE,PE,PERNAMBUCO,NORDESTE,81
566,2611600000566,26,261160,,FUNDACAO MANOEL DA SILVA ALMEIDA,HOSPITAL MARIA LUCINDA,,,D,,,,,4,5,52060000,AV PARNAMIRIM,095,PARNAMIRIM,(81)32674200/4201,"-8,053833171","-34,8812699318",6.0,"ATENDIMENTO CONTINUO DE 24 HORAS/DIA (PLANTAO:INCLUI SABADOS, DOMINGOS E FERIADOS)",9767633000102.0,secretaria@hospitalmarialucinda.org,3069,"1,0","0,0","0,0","1,0","1,0","1,0",,SIM,AVENIDA PARNAMIRIM,,,PARNAMIRIM,RECIFE,PE,PERNAMBUCO,NORDESTE,81
582,2611600000582,26,261160,,SOCIEDADE PERNAMBUCANA DO COMBATE AO CANCER,HOSPITAL DE CANCER DE PERNAMBUCO,,,E,,,,,3,7,50040000,AVENIDA CRUZ CABUGA,1597,SANTO AMARO,(81)32178000,"-8,041297818","-34,8733735085",6.0,"ATENDIMENTO CONTINUO DE 24 HORAS/DIA (PLANTAO:INCLUI SABADOS, DOMINGOS E FERIADOS)",10894988000133.0,hcp@hosp.org.br,3999,"1,0","0,0","0,0","1,0","1,0","1,0",,SIM,AVENIDA CRUZ CABUGÁ,,,SANTO AMARO,RECIFE,PE,PERNAMBUCO,NORDESTE,81
590,2611600000590,26,261160,10565000000192.0,MUNICIPIO DO RECIFE,US 128 POLICLINICA LESSA DE ANDRADE,,,M,,,,,3,4,50720715,ESTRADA DOS REMEDIOS,2416,MADALENA,33557810/7812/7822,"-8,0588024","-34,9068717259",3.0,ATENDIMENTOS NOS TURNOS DA MANHA E A TARDE,,gerenciapla@gmail.com,1244,"0,0","0,0","0,0","0,0","1,0","0,0",,SIM,ESTRADA DOS REMÉDIOS,DE 2058/2059 AO FIM,,MADALENA,RECIFE,PE,PERNAMBUCO,NORDESTE,81
604,2611600000604,26,261160,10565000000192.0,MUNICIPIO DO RECIFE,US 169 POLICLINICA AMAURY COUTINHO,,,M,,,,,4,4,52121030,RUA IGUATU,S/N,CAMPINA DO BARRETO,3355-7878/7879/7889,"-8,0163644","-34,8825373",6.0,"ATENDIMENTO CONTINUO DE 24 HORAS/DIA (PLANTAO:INCLUI SABADOS, DOMINGOS E FERIADOS)",,amaurycoutinhodir@gmail.com,1244,"0,0","0,0","0,0","0,0","1,0","0,0",,SIM,RUA IGUATU,,,CAMPINA DO BARRETO,RECIFE,PE,PERNAMBUCO,NORDESTE,81
612,2611600000612,26,261160,10565000000192.0,MUNICIPIO DO RECIFE,US 162 POLICLINICA ALBERT SABIN,,,M,,,,,3,4,52051020,RUA CONEGO BARATA,S/N,TAMARINEIRA,(81) 33552763/2769,"-8,0295267","-34,9004764",4.0,"ATENDIMENTO NOS TURNOS DA MANHA, TARDE E NOITE",,gerencia.pas2019@gmail.com,1244,"0,0","0,0","0,0","0,0","1,0","0,0",,SIM,RUA CÔNEGO BARATA,ATÉ 510/511,,TAMARINEIRA,RECIFE,PE,PERNAMBUCO,NORDESTE,81
620,2611600000620,26,261160,10565000000192.0,MUNICIPIO DO RECIFE,US 101 POLICLINICA PROF WALDEMAR DE OLIVEIRA,,,M,,,,,4,4,50100170,RUA MARQUES DO POMBAL,115,SANTO AMARO,33551402/1418/1438,"-8,056","-34,89",3.0,ATENDIMENTOS NOS TURNOS DA MANHA E A TARDE,,priscila_tsouza@hotmail.com,1244,"0,0","0,0","0,0","0,0","1,0","0,0",,SIM,RUA DO POMBAL,,,SANTO AMARO,RECIFE,PE,PERNAMBUCO,NORDESTE,81
639,2611600000639,26,261160,10565000000192.0,MUNICIPIO DO RECIFE,US 106 CS PROF JOAQUIM CAVALCANTE,,,M,,,,,4,2,50721110,ESTRADA DO FORTE DO ARRAIAL NOVO DO BOM JESUS,1350,TORROES,(81) 33554425,"-8,0529601","-34,9286302",4.0,"ATENDIMENTO NOS TURNOS DA MANHA, TARDE E NOITE",,distsanitario4@recife.pe.gov.b,1244,"0,0","0,0","0,0","0,0","1,0","0,0",,SIM,ESTRADA DO FORTE DO ARRAIAL NOVO DO BOM JESUS,ATÉ 1225/1226,,CORDEIRO,RECIFE,PE,PERNAMBUCO,NORDESTE,81
647,2611600000647,26,261160,10565000000192.0,MUNICIPIO DO RECIFE,US 144 POLICLINICA CLEMENTINO FRAGA,,,M,,,,,4,4,52280510,RUA JAPARATUBA,260,VASCO DA GAMA,(81) 33556048-6049,"-8,01941185","-34,919800228",4.0,"ATENDIMENTO NOS TURNOS DA MANHA, TARDE E NOITE",,CLEMENTINOCFRAGA@GMAIL.COM,1244,"0,0","0,0","0,0","0,0","1,0","0,0",,SIM,RUA JAPARATUBA,,,VASCO DA GAMA,RECIFE,PE,PERNAMBUCO,NORDESTE,81
655,2611600000655,26,261160,10572048000128.0,SECRETARIA DE SAUDE,HOSPITAL DA RESTAURACAO,,,E,,,,,3,5,52010040,AV AGAMENON MAGALHAES,S/N,DERBY,(81)31815444,"-8,0535038573","-34,8977762461",6.0,"ATENDIMENTO CONTINUO DE 24 HORAS/DIA (PLANTAO:INCLUI SABADOS, DOMINGOS E FERIADOS)",10572048000209.0,hrdiger@gmail.com,1023,"1,0","0,0","0,0","1,0","1,0","1,0",,SIM,AVENIDA GOVERNADOR AGAMENON MAGALHÃES,DE 2 A 99998 - LADO PAR,,DERBY,RECIFE,PE,PERNAMBUCO,NORDESTE,81
663,2611600000663,26,261160,24134488000108.0,UNIVERSIDADE FEDERAL DE PERNAMBUCO,CEO UFPE,,,M,,,,,1,36,50740345,TRAV PROFESSOR ARTHUR DE SA,S/N,CIDADE UNIVERSITARIA,(81)32718341,"-8,0627625698","-34,885548",3.0,ATENDIMENTOS NOS TURNOS DA MANHA E A TARDE,,,1104,"1,0","0,0","0,0","1,0","1,0","0,0",,SIM,TRAVESSA PROFESSOR ARTUR DE SÁ,,,VÁRZEA,RECIFE,PE,PERNAMBUCO,NORDESTE,81
671,2611600000671,26,261160,10565000000192.0,MUNICIPIO DO RECIFE,US 153 POLICLINICA E MATERNIDADE ARNALDO MARQUES,,,M,,,,,4,5,51230000,AV DOIS RIOS,S/N,IBURA,33551815/1815/1820,"-8,109099","-34,9354",6.0,"ATENDIMENTO CONTINUO DE 24 HORAS/DIA (PLANTAO:INCLUI SABADOS, DOMINGOS E FERIADOS)",,pemarnaldomarques@yahoo.com.br,1244,"1,0","1,0","1,0","1,0","1,0","1,0",,SIM,AVENIDA DOIS RIOS,ATÉ 1598/1599,,IBURA,RECIFE,PE,PERNAMBUCO,NORDESTE,81
701,2611600000701,26,261160,10565000000192.0,MUNICIPIO DO RECIFE,US 165 MATERNIDADE BANDEIRA FILHO,,,M,,,,,4,7,50770400,RUA LONDRINA,S/N,AFOGADOS,8133552230/2205,"-8,07912","-34,9105",6.0,"ATENDIMENTO CONTINUO DE 24 HORAS/DIA (PLANTAO:INCLUI SABADOS, DOMINGOS E FERIADOS)",,mpb.filho@outlouk.com,1244,"1,0","1,0","1,0","1,0","1,0","1,0",,SIM,RUA LONDRINA,,,AFOGADOS,RECIFE,PE,PERNAMBUCO,NORDESTE,81
752,2611600000752,26,261160,10565000000192.0,MUNICIPIO DO RECIFE,US 119 CAPS INFANTIL MARCELA LUCENA,,,M,,,,,4,70,51110380,RUA MARQUES DE ALEGRETE,S/N,PINA,(81) 33554428,"-8,0862398","-34,8906333",3.0,ATENDIMENTOS NOS TURNOS DA MANHA E A TARDE,,,1244,"0,0","0,0","0,0","0,0","1,0","0,0",,NAO,RUA MARQUÊS DE ALEGRETE,,,PINA,RECIFE,PE,PERNAMBUCO,NORDESTE,81
760,2611600000760,26,261160,10565000000192.0,MUNICIPIO DO RECIFE,US 161 CS PROF ROMERO MARQUES,,,M,,,,,4,2,50751130,RUA CARLOS GOMES,932,BONGI,(81) 33554440/4264,"-7,7297","-34,8388",3.0,ATENDIMENTOS NOS TURNOS DA MANHA E A TARDE,,,1244,"0,0","0,0","0,0","0,0","1,0","0,0",,SIM,RUA CARLOS GOMES,DE 752/753 AO FIM,,BONGI,RECIFE,PE,PERNAMBUCO,NORDESTE,81
779,2611600000779,26,261160,10565000000192.0,MUNICIPIO DO RECIFE,US 143 LABORATORIO MUNICIPAL DO RECIFE,,,M,,,,,4,80,50100070,RUA MAJOR CODECEIRA,194,SANTO AMARO,(81) 3355-2022,"-8,0485786","-34,8888724",3.0,ATENDIMENTOS NOS TURNOS DA MANHA E A TARDE,,sandra.b.brito@hotmail.com,1244,"0,0","0,0","0,0","0,0","1,0","0,0",,SIM,RUA MAJOR CODECEIRA,,,SANTO AMARO,RECIFE,PE,PERNAMBUCO,NORDESTE,81
795,2611600000795,26,261160,,CLINICA OFTALMOLOGICA DE PERNAMBUCO,CLINOPE,,,M,,,,,4,36,50060140,AV MANOEL BORBA,237,BOA VISTA,(81)32024890/4860,"-8,0609812","-34,8878511398",4.0,"ATENDIMENTO NOS TURNOS DA MANHA, TARDE E NOITE",35315993000337.0,felipegw@hotmail.com,2062,"0,0","0,0","0,0","0,0","1,0","0,0",,SIM,AVENIDA MANOEL BORBA,ATÉ 166/167,,BOA VISTA,RECIFE,PE,PERNAMBUCO,NORDESTE,81
809,2611600000809,26,261160,10564953000136.0,FUNDACAO DE HEMATOLOGIA E HEMOTERAPIA DE PERNAMBUCO,FUNDACAO HEMOPE,,,E,,,,,3,7,52010300,RUA JOAQUIM NABUCO,171,GRACAS,(81)3824695,"-8,0525982435","-34,8979559541",6.0,"ATENDIMENTO CONTINUO DE 24 HORAS/DIA (PLANTAO:INCLUI SABADOS, DOMINGOS E FERIADOS)",,sahc@hemope.pe.gov.br,1147,"1,0","0,0","0,0","1,0","1,0","1,0",,SIM,RUA JOAQUIM NABUCO,LADO ÍMPAR,,DERBY,RECIFE,PE,PERNAMBUCO,NORDESTE,81
817,2611600000817,26,261160,10565000000192.0,MUNICIPIO DO RECIFE,US 149 USF MAIS OLINTO OLIVEIRA,,,M,,,,,4,2,50800270,RUA SAO FRANCISCO DE PAULA,47,CAXANGA,(81) 34549229,"-8,03067755","-34,9558032916",3.0,ATENDIMENTOS NOS TURNOS DA MANHA E A TARDE,,distsanitario4@recife.gov.br,1244,"0,0","0,0","0,0","0,0","1,0","0,0",,SIM,RUA SÃO FRANCISCO DE PAULA,,,CAXANGÁ,RECIFE,PE,PERNAMBUCO,NORDESTE,81
825,2611600000825,26,261160,10565000000192.0,MUNICIPIO DO RECIFE,US 155 CS PROF MONTEIRO DE MORAIS,,,M,,,,,4,2,52130000,AV BEBERIBE,4510,BEBERIBE,(81) 33554436,"-8,004053","-34,8968266594",3.0,ATENDIMENTOS NOS TURNOS DA MANHA E A TARDE,,,1244,"0,0","0,0","0,0","0,0","1,0","0,0",,SIM,AVENIDA BEBERIBE,DE 1873/1874 A 2305/2306,,ÁGUA FRIA,RECIFE,PE,PERNAMBUCO,NORDESTE,81
833,2611600000833,26,261160,10565000000192.0,MUNICIPIO DO RECIFE,US 137 CS PROF DJAIR BRINDEIRO,,,M,,,,,4,2,51030640,RUA COSMORAMA,S/N,BOA VIAGEM,(81) 33550118/0119,"-8,1402156","-34,9107984",3.0,ATENDIMENTOS NOS TURNOS DA MANHA E A TARDE,,distsanitario6@recife.pe.gov.b,1244,"0,0","0,0","0,0","0,0","1,0","0,0",,SIM,RUA ARTHUR BRUNO SCHWAMBACH,ATÉ 394/395,,BOA VIAGEM,RECIFE,PE,PERNAMBUCO,NORDESTE,81
841,2611600000841,26,261160,10565000000192.0,MUNICIPIO DO RECIFE,US 150 CS PROFESSOR FERNANDES FIGUEIRAS,,,M,,,,,4,2,50910250,AV SAO PAULO,605,JARDIM SAO PAULO,(81) 33554396,"-8,0811832","-34,9403075",3.0,ATENDIMENTOS NOS TURNOS DA MANHA E A TARDE,,,1244,"0,0","0,0","0,0","0,0","1,0","0,0",,SIM,AVENIDA SÃO PAULO,DE 488/489 AO FIM,,JARDIM SÃO PAULO,RECIFE,PE,PERNAMBUCO,NORDESTE,81
868,2611600000868,26,261160,10565000000192.0,MUNICIPIO DO RECIFE,US 142 USF MAIS BIDU KRAUSE,,,M,,,,,4,2,50030903,AVENIDA ONZE DE AGOSTO,440,TOTO,(81)33550301/0300,"-8,0791619","-34,9707953237",4.0,"ATENDIMENTO NOS TURNOS DA MANHA, TARDE E NOITE",,,1244,"0,0","0,0","0,0","0,0","1,0","0,0",,SIM,CAIS DO APOLO,925,PREFEITURA DA CIDADE DO RECIFE,RECIFE,RECIFE,PE,PERNAMBUCO,NORDESTE,81
876,2611600000876,26,261160,10565000000192.0,MUNICIPIO DO RECIFE,US 138 USF DR LUIZ WILSOM,,,M,,,,,4,2,52211130,RUA CHA DE ALEGRIA,S/N,BOMBA DO HEMETERIO,(81) 33554628,"-8,0207812","-34,9047297",3.0,ATENDIMENTOS NOS TURNOS DA MANHA E A TARDE,,,1244,"0,0","0,0","0,0","0,0","1,0","0,0",,SIM,RUA CHÃ DE ALEGRIA,,,BOMBA DO HEMETÉRIO,RECIFE,PE,PERNAMBUCO,NORDESTE,81
884,2611600000884,26,261160,,PRONTO CLINICA OFTALMOLOGICA LTDA,PCO,,,M,,,,,4,36,50050911,PRACA OSWALDO CRUZ,341,BOA VISTA,(81) 3423-4454,"-8,0551321","-34,8915901923",3.0,ATENDIMENTOS NOS TURNOS DA MANHA E A TARDE,10455350000104.0,pcoftalmo@ig.com.br,2062,"0,0","0,0","0,0","0,0","1,0","0,0",,SIM,PRAÇA OSWALDO CRUZ,S/N,SECRETARIA DE SAÚDE DO ESTADO DE PERNAMBUCO,BOA VISTA,RECIFE,PE,PERNAMBUCO,NORDESTE,81
892,2611600000892,26,261160,,LABORATORIOS INTEGRADOS DE ANALISES CLINICAS LTDA,LIAC,,,M,,,,,4,39,50050200,RUA JOAO FERNANDES VIEIRA,675,BOA VISTA,(813231-3175,,,4.0,"ATENDIMENTO NOS TURNOS DA MANHA, TARDE E NOITE",11198785000175.0,,2000,,,,,"1,0","0,0",4.0,SIM,,,,,,,,,
906,2611600000906,26,261160,10565000000192.0,MUNICIPIO DO RECIFE,US 321 CENTRAL DE ALERGOLOGIA,,,M,,,,,4,36,50100020,AV JOAO DE BARROS,800,SANTO AMARO,(81) 33552512/2508,"-8,04757425","-34,8895151309",3.0,ATENDIMENTOS NOS TURNOS DA MANHA E A TARDE,,alergologia.gp.ds1@bol.com.br,1244,"0,0","0,0","0,0","0,0","1,0","0,0",,SIM,AVENIDA JOÃO DE BARROS,DE 540 A 978 - LADO PAR,,SANTO AMARO,RECIFE,PE,PERNAMBUCO,NORDESTE,81
930,2611600000930,26,261160,10565000000192.0,FUNDO MUNICIPAL DE SAUDE,US 164 CENTRO DE REIDRATACAO E URG PED M CRAVO GAMA,,,M,,,,,4,7,50870901,AVENIDA RECIFE,810,ESTANCIA,(81) 33556651/6652,"-8,0627687","-34,887867",6.0,"ATENDIMENTO CONTINUO DE 24 HORAS/DIA (PLANTAO:INCLUI SABADOS, DOMINGOS E FERIADOS)",,cravogama@hotmail.com,1244,"0,0","0,0","0,0","0,0","1,0","1,0",,NAO,AVENIDA RECIFE,801,PAM-7 HOSPITAL GERAL DE AREIAS,AREIAS,RECIFE,PE,PERNAMBUCO,NORDESTE,81
949,3205300000949,32,320530,,ORAL CONCEPT LTDA,ORAL CONCEPT,,,M,,,,,4,36,29055260,RUA ALEIXO NETTO,454,PRAIA DO CANTO,27 - 32224747,"-20,3029607","-40,297155",3.0,ATENDIMENTOS NOS TURNOS DA MANHA E A TARDE,32959511000121.0,francinegamamartins@gmail.com,2062,"0,0","0,0","0,0","0,0","1,0","0,0",,NAO,RUA ALEIXO NETTO,DE 420 AO FIM - LADO PAR,,PRAIA DO CANTO,VITÓRIA,ES,ESPÍRITO SANTO,SUDESTE,27
957,2611600000957,26,261160,10565000000192.0,MUNICIPIO DO RECIFE,US 174 USF MAIS SITIO GRANDE,,,M,,,,,4,2,51180260,AV LUXEMBURGO,254,IMBIRIBEIRA,33556685/3472-3007,"-8,1025816","-34,9119688",3.0,ATENDIMENTOS NOS TURNOS DA MANHA E A TARDE,,distsanitario6@recife.pe.gov.br,1244,"0,0","0,0","0,0","0,0","1,0","0,0",,SIM,AVENIDA LUXEMBURGO,,,IMBIRIBEIRA,RECIFE,PE,PERNAMBUCO,NORDESTE,81
965,2611600000965,26,261160,10565000000192.0,MUNICIPIO DO RECIFE,US 177 USF CHICO MENDES,,,M,,,,,4,2,50875250,RUA DO CAMPO,29,AREIAS,(81) 32322538,"-8,1235427","-34,9539793",3.0,ATENDIMENTOS NOS TURNOS DA MANHA E A TARDE,,,1244,"0,0","0,0","0,0","0,0","1,0","0,0",,SIM,RUA DO CAMPO,,,CAÇOTE,RECIFE,PE,PERNAMBUCO,NORDESTE,81
973,1302600000973,13,130260,,CAMILA BANDEIRA SERVICOS MEDICOS LTDA,ENDOCLINIC,,,E,,,,,4,4,69050010,DJALMA BATISTA,1719,CHAPADA,92 84109942,"-3,0914355","-60,0242362",4.0,"ATENDIMENTO NOS TURNOS DA MANHA, TARDE E NOITE",19898440000136.0,CONTATO.ENDOCLINIC@GMAIL.COM,2062,"0,0","0,0","0,0","0,0","1,0","0,0",,NAO,AVENIDA DJALMA BATISTA,DE 1/2 AO FIM,,CHAPADA,MANAUS,AM,AMAZONAS,NORTE,92
981,2611600000981,26,261160,10572048000128.0,SECRETARIA DE SAUDE,HOSPITAL CORREIA PICANCO,,,E,,,,,4,5,52050150,RUA PADRE ROMA,149,TAMARINEIRA,(81)31843980,"-8,033811","-34,904742",6.0,"ATENDIMENTO CONTINUO DE 24 HORAS/DIA (PLANTAO:INCLUI SABADOS, DOMINGOS E FERIADOS)",9794975002238.0,hospcp@saude.pe.gov.br,1147,"0,0","0,0","0,0","1,0","1,0","1,0",,SIM,RUA PADRE ROMA,ATÉ 429/430,,TAMARINEIRA,RECIFE,PE,PERNAMBUCO,NORDESTE,81
1015,2611600001015,26,261160,10565000000192.0,MUNICIPIO DO RECIFE,US 163 HOSPITAL DE PEDIATRIA HELENA MOURA,,,M,,,,,4,7,52051020,RUA CONEGO BARATA,S/N,TAMARINEIRA,33551301/1303,"-8,0232145555","-34,82365",6.0,"ATENDIMENTO CONTINUO DE 24 HORAS/DIA (PLANTAO:INCLUI SABADOS, DOMINGOS E FERIADOS)",,HOSPITALPEDHELENAMOURA@HOTMAIL.COM,1244,"0,0","0,0","1,0","1,0","1,0","1,0",,SIM,RUA CÔNEGO BARATA,ATÉ 510/511,,TAMARINEIRA,RECIFE,PE,PERNAMBUCO,NORDESTE,81
1023,2611600001023,26,261160,,INSTITUTO DE RADIUM E SUPERVOLTAGEM IVO ROESLER,IRSIR,,,E,,,,,4,39,52010010,AV PORTUGAL,163,BOA VISTA,(81)34237755,"-8,0352136","-34,9862299",3.0,ATENDIMENTOS NOS TURNOS DA MANHA E A TARDE,11387412000142.0,,2062,"0,0","0,0","0,0","0,0","1,0","0,0",,NAO,AVENIDA PORTUGAL,,,PAISSANDU,RECIFE,PE,PERNAMBUCO,NORDESTE,81
1058,2611600001058,26,261160,10565000000192.0,MUNICIPIO DO RECIFE,US 121 USF MAIS PROFESSOR BRUNO MAIA,,,M,,,,,4,2,52191098,RUA ALTO DO REFUGIO,S/N,NOVA DESCOBERTA,(81) 33554416,"-8,0003547","-34,924593",4.0,"ATENDIMENTO NOS TURNOS DA MANHA, TARDE E NOITE",,,1244,"0,0","0,0","0,0","0,0","1,0","0,0",,SIM,RUA ALTO DO REFÚGIO,LADO ÍMPAR,,BREJO DE BEBERIBE,RECIFE,PE,PERNAMBUCO,NORDESTE,81
1082,2611600001082,26,261160,10565000000192.0,MUNICIPIO DO RECIFE,US 104 CS SEBASTIAO IVO RABELO,,,M,,,,,4,2,51290040,AV CAMPINA GRANDE,S/N,COHAB,(81) 33554444/4445,"-8,1196345","-34,947237",4.0,"ATENDIMENTO NOS TURNOS DA MANHA, TARDE E NOITE",,distsanitario6@recife.pe.gov.b,1244,"0,0","0,0","0,0","0,0","1,0","0,0",,SIM,AVENIDA CAMPINA GRANDE,,,COHAB,RECIFE,PE,PERNAMBUCO,NORDESTE,81
1090,2611600001090,26,261160,10565000000192.0,MUNICIPIO DO RECIFE,US 126 CS VER ROMILDO GOMES,,,M,,,,,4,2,51150460,RUA JALISCO,S/N,IMBIRIBEIRA,(81) 33554448/4449,"-8,1163765","-34,9119753",3.0,ATENDIMENTOS NOS TURNOS DA MANHA E A TARDE,,distsanitario6@recife.pe.gov.b,1244,"0,0","0,0","0,0","0,0","1,0","0,0",,SIM,RUA JALISCO,,,IMBIRIBEIRA,RECIFE,PE,PERNAMBUCO,NORDESTE,81
1112,2611600001112,26,261160,10565000000192.0,MUNICIPIO DO RECIFE,US 186 USF MAIS JARDIM UCHOA,,,M,,,,,4,2,50780280,RUA JUPIRACY,S/N,AREIAS,(81) 33556211,"-8,0545","-34,881",4.0,"ATENDIMENTO NOS TURNOS DA MANHA, TARDE E NOITE",,,1244,"0,0","0,0","0,0","0,0","0,0","0,0",,SIM,RUA JUPIRACY,,,AREIAS,RECIFE,PE,PERNAMBUCO,NORDESTE,81
1120,2611600001120,26,261160,,REAL HOSPITAL PORTUGUES DE BENEFICIENCIA EM PE,REAL HOSPITAL PORTUGUES,,,D,,,,,3,5,52010902,AV GOVERNADOR AGAMENON MAGALHAES,4760,PAISSANDU,(81)34161122,"-8,0638166937","-34,8981893063",6.0,"ATENDIMENTO CONTINUO DE 24 HORAS/DIA (PLANTAO:INCLUI SABADOS, DOMINGOS E FERIADOS)",10892164000124.0,provedoria@rhp.com.br,3999,"1,0","1,0","1,0","1,0","1,0","1,0",,SIM,AVENIDA GOVERNADOR AGAMENON MAGALHÃES,4760,HOSPITAL PORTUGUÊS,DERBY,RECIFE,PE,PERNAMBUCO,NORDESTE,81
1139,2611600001139,26,261160,10565000000192.0,MUNICIPIO DO RECIFE,US 166 POLICLINICA CENTRO,,,M,,,,,4,4,50010070,RUA 1 DE MARCO,90,SANTO ANTONIO,(81) 33556703/6375,"-8,0627624","-34,888941",3.0,ATENDIMENTOS NOS TURNOS DA MANHA E A TARDE,,p.centro@bool.com.br,1244,"0,0","0,0","0,0","0,0","1,0","0,0",,SIM,RUA PRIMEIRO DE MARÇO,,,SANTO ANTÔNIO,RECIFE,PE,PERNAMBUCO,NORDESTE,81
1147,2611600001147,26,261160,,LABORATORIO DE ANALISES CLINICAS LOUIS PASTEUR LTDA,LABORATORIO DE ANALISES CLINICAS LOUIS PASTEUR,,,M,,,,,4,39,50050540,AV VISCONDE DE SUASSUNA,704,SANTO AMARO,(81) 3231-6960,"-8,0512549","-34,8877605494",3.0,ATENDIMENTOS NOS TURNOS DA MANHA E A TARDE,11534534000114.0,laclouispasteur@hotmail.com,2240,"0,0","0,0","0,0","0,0","1,0","0,0",,SIM,AVENIDA VISCONDE DE SUASSUNA,,,SANTO AMARO,RECIFE,PE,PERNAMBUCO,NORDESTE,81
1155,2611600001155,26,261160,24416174000106.0,UNIVERSIDADE FEDERAL RURAL DE PERNAMBUCO,DEPARTAMENTO DE QUALIDADE DE VIDA,,,M,,,,,4,36,52171030,RUA MANUEL DE MEDEIROS,S/N,DOIS IRMAOS,(81) 33206156-332061,"-8,0207371","-34,9551836",4.0,"ATENDIMENTO NOS TURNOS DA MANHA, TARDE E NOITE",,dqv.sugep@ufrpe.br,1104,"0,0","0,0","0,0","0,0","1,0","0,0",8.0,NAO,RUA MANUEL DE MEDEIROS,,,DOIS IRMÃOS,RECIFE,PE,PERNAMBUCO,NORDESTE,81
1163,2611600001163,26,261160,10565000000192.0,MUNICIPIO DO RECIFE,US 109 CS FRANCISCO PIGNATARI,,,M,,,,,3,2,52070000,ESTRADA DO ARRAIAL,S/N,CASA AMARELA,(81) 33554400,"-8,0283636","-34,9209187",3.0,ATENDIMENTOS NOS TURNOS DA MANHA E A TARDE,,,1244,"0,0","0,0","0,0","0,0","1,0","0,0",,SIM,ESTRADA DO ENCANAMENTO,DE 475/476 A 1243/1244,,CASA FORTE,RECIFE,PE,PERNAMBUCO,NORDESTE,81
1198,2611600001198,26,261160,10565000000192.0,MUNICIPIO DO RECIFE,US 113 CS DR ARISTARCHO DOURADO DE AZEVEDO,,,M,,,,,4,2,51250370,RUA BAHIA,29,JORDAO BAIXO,(81) 33554381,"-8,1330309","-34,9364028",3.0,ATENDIMENTOS NOS TURNOS DA MANHA E A TARDE,,distsanitario6@recife.pe.gov.b,1244,"0,0","0,0","0,0","0,0","1,0","0,0",,SIM,RUA BAHIA,,,JORDÃO,RECIFE,PE,PERNAMBUCO,NORDESTE,81
1201,2931350001201,29,293135,13650403000128.0,MUNICIPIO DE TEIXEIRAD E FREITAS,PSF RESIDENCIAL CASTELINHO,,,M,,,,,4,2,45999000,RUA,,RESIDENCIAL CASTELIN,,"-17,5532395885","-39,7175717354",3.0,ATENDIMENTOS NOS TURNOS DA MANHA E A TARDE,,,1244,"0,0","0,0","0,0","0,0","0,0","0,0",,SIM,,,,CACHOEIRA DO MATO,TEIXEIRA DE FREITAS,BA,BAHIA,NORDESTE,73
1236,2611600001236,26,261160,10565000000192.0,MUNICIPIO DO RECIFE,US 152 CS INA ROSA BORGES,,,M,,,,,4,2,52081170,RUA SENADOR MILTON CAMPOS,S/N,VASCO DA GAMA,(81) 3355-4408/4409,"-8,0152924","-34,9220422",3.0,ATENDIMENTOS NOS TURNOS DA MANHA E A TARDE,,,1244,"0,0","0,0","0,0","0,0","1,0","0,0",,SIM,RUA SENADOR MILTON DE CAMPOS,,,VASCO DA GAMA,RECIFE,PE,PERNAMBUCO,NORDESTE,81
1244,2611600001244,26,261160,10565000000192.0,MUNICIPIO DO RECIFE,US 175 USF DR DIOGENES CAVALCANTI,,,M,,,,,4,2,52091260,RUA ALTO DA BRASILEIRA,1002,NOVA DESCOBERTA,(81) 33556402,"-8,0005081","-34,9322611",3.0,ATENDIMENTOS NOS TURNOS DA MANHA E A TARDE,,,1244,"0,0","0,0","0,0","0,0","1,0","0,0",,SIM,RUA ALTO DA BRASILEIRA,,,NOVA DESCOBERTA,RECIFE,PE,PERNAMBUCO,NORDESTE,81
1252,2611600001252,26,261160,10565000000192.0,MUNICIPIO DO RECIFE,US 218 USF COQUE,,,M,,,,,4,2,50080730,RUA GUAPIRAMA,65,ILHA JOANA BEZERRA,(81) 33554656,"-8,0714977","-34,8998056886",3.0,ATENDIMENTOS NOS TURNOS DA MANHA E A TARDE,,distsanitario@recife.pe.gov.br,1244,"0,0","0,0","0,0","0,0","1,0","0,0",,SIM,RUA GUAPIRAMA,,,ILHA JOANA BEZERRA,RECIFE,PE,PERNAMBUCO,NORDESTE,81
1279,2931350001279,29,293135,,FUNDACAO PIO XII,FUNDACAO PIO XII,,,E,,,,,4,36,45990289,PRESIDENTE GETULIO VARGAS,1732,BELA VISTA,17 33216603,"-17,5349794205","-39,7258543968",3.0,ATENDIMENTOS NOS TURNOS DA MANHA E A TARDE,49150352003138.0,contabilidade@hcancerbarretos.com.br,3069,"0,0","0,0","0,0","0,0","0,0","0,0",8.0,SIM,AVENIDA PRESIDENTE GETÚLIO VARGAS,,,BELA VISTA,TEIXEIRA DE FREITAS,BA,BAHIA,NORDESTE,73
1309,2611600001309,26,261160,,SERVICO DE RADIOLOGIA HOSPITALAR LTDA,CLIMAPE,,,M,,,,,4,39,50070000,RUA DAS NIFAS,120,BOA VISTA,(81)3222-3745,,,3.0,ATENDIMENTOS NOS TURNOS DA MANHA E A TARDE,11284304000144.0,,2062,"0,0","0,0","0,0","0,0","1,0","0,0",8.0,NAO,AVENIDA MANOEL BORBA,DE 168/169 A 486/487,,BOA VISTA,RECIFE,PE,PERNAMBUCO,NORDESTE,81
1317,2611600001317,26,261160,10565000000192.0,MUNICIPIO DO RECIFE,US 120 CS MARIO MONTEIRO MELO,,,M,,,,,4,2,52090003,RUA NOVA DESCOBERTA,99,NOVA DESCOBERTA,(81) 33554385,"-8,0011125","-34,9235438",3.0,ATENDIMENTOS NOS TURNOS DA MANHA E A TARDE,,,1244,"0,0","0,0","0,0","0,0","1,0","0,0",,SIM,RUA NOVA DESCOBERTA,ATÉ 2388/2389,,NOVA DESCOBERTA,RECIFE,PE,PERNAMBUCO,NORDESTE,81
1341,2611600001341,26,261160,,CLINICA RADIOLOGICA NOSSA SENHORA DO CARMO LTDA,CLINICA RADIOLOGICA NOSSA SENHORA DO CARMO,,,M,,,,,4,39,50610240,RUA 19 DE NOVEMBRO,48,MADALENA,(81) 3227-7971-32283,"-8,0128779","-34,8745569",3.0,ATENDIMENTOS NOS TURNOS DA MANHA E A TARDE,8734790000140.0,clinicansc@gmail.com / renatamtg@gmail.com,2062,"0,0","0,0","0,0","0,0","1,0","0,0",,SIM,RUA DEZENOVE DE NOVEMBRO,,,MADALENA,RECIFE,PE,PERNAMBUCO,NORDESTE,81
1368,2611600001368,26,261160,10565000000192.0,MUNICIPIO DO RECIFE,US 158 CS PAM CEASA,,,M,,,,,4,2,50790900,RODOVIA BR 101SUL,11606,CURADO,(81) 33550090/0091,"-8,05455","-34,881",3.0,ATENDIMENTOS NOS TURNOS DA MANHA E A TARDE,,CSCEASA.DSV@GMAIL.COM,1244,"0,0","0,0","0,0","0,0","1,0","0,0",,SIM,RODOVIA BR-101 SUL,550,CEAGEPE - COMPANHIA DE ARMAZÉNS GERAIS DO ESTADO DE PERNAMBUCO,CURADO,RECIFE,PE,PERNAMBUCO,NORDESTE,81
1384,2611600001384,26,261160,,CLINICA DE RADIODIAGNOSTICO BOA VIAGEM LTDA,CLINICA DE RADIODIAGNOSTICO BOA VIAGEM,,,M,,,,,4,39,51111021,AV ENG DOMINGOS FERREIRA,1971,BOA VIAGEM,(81)3325-4712,"-8,0511473","-34,89721",3.0,ATENDIMENTOS NOS TURNOS DA MANHA E A TARDE,11222619000167.0,clinicar@hotlink.com.br,2062,,,,,"1,0","0,0",,NAO,AVENIDA ENGENHEIRO DOMINGOS FERREIRA,DE 1387 A 2201 - LADO ÍMPAR,,BOA VIAGEM,RECIFE,PE,PERNAMBUCO,NORDESTE,81
1392,2611600001392,26,261160,10565000000192.0,MUNICIPIO DO RECIFE,US 148 USF MAIS DOM MIGUEL DE LIMA VALVERDE,,,M,,,,,4,2,51030450,RUA FELICIANO JOSE DE FARIAS,195,BOA VIAGEM,(81)3355-0061,"-8,1331352","-34,9047626",3.0,ATENDIMENTOS NOS TURNOS DA MANHA E A TARDE,,distsanitario6@recife.pe.gov.b,1244,"0,0","0,0","0,0","0,0","1,0","0,0",,SIM,RUA FELICIANO JOSÉ DE FARIAS,,,BOA VIAGEM,RECIFE,PE,PERNAMBUCO,NORDESTE,81
